{
"lengthUnit": "mil",
"components": {
	"fields": ["COMPONENT_NO", "COMPONENT_NAME", "LAYER", "X_COORDINATE", "Y_COORDINATE", "ANGLE"],
	"rows": [
		[1, "C1", "T", -551.18, 314.96, 0],
		[2, "C2", "T", -452.76, -354.33, 270],
		[3, "C3", "T", -413.39, 413.39, 270],
		[4, "C4", "T", -236.22, 295.28, 180],
		[5, "C5", "T", 59.06, 208.66, 0],
		[6, "C6", "T", -106.3, 208.66, 180],
		[7, "C7", "T", 452.76, -98.43, 90],
		[8, "D1", "T", -401.57, -196.85, 180],
		[9, "D2", "T", 669.29, 59.06, 90],
		[10, "H1", "T", -354.33, -354.33, 270],
		[11, "H2", "T", 570.87, 0, 270],
		[12, "H3", "T", 366.14, 0, 90],
		[13, "LED1", "B", -708.66, -334.65, 125],
		[14, "LED2", "T", -708.66, -334.65, 125],
		[15, "LED3", "T", -712.6, 330.71, 55],
		[16, "LED4", "T", -633.86, 425.2, 45],
		[17, "LED5", "T", -539.37, 503.94, 35],
		[18, "LED6", "T", -429.13, 562.99, 20],
		[19, "LED7", "T", -311.02, 594.49, 10],
		[20, "LED8", "T", -188.98, 606.3, 0],
		[21, "LED9", "T", -66.93, 606.3, 0],
		[22, "LED10", "T", 55.12, 606.3, 0],
		[23, "LED11", "T", 178.26, 606.3, 0],
		[24, "LED12", "T", 303.15, 590.55, 350],
		[25, "LED13", "T", 421.26, 551.18, 335],
		[26, "LED14", "T", 527.56, 488.19, 325],
		[27, "LED15", "T", 618.11, 405.51, 315],
		[28, "LED16", "T", 688.98, 303.15, 300],
		[29, "LED17", "T", 740.16, 192.91, 290],
		[30, "LED18", "T", 767.72, 70.87, 275],
		[31, "Q1", "T", -385.83, 78.74, 270],
		[32, "Q2", "T", -385.83, -78.74, 90],
		[33, "R2", "T", -570.87, -433.07, 0],
		[34, "R3", "B", -413.39, -78.74, 180],
		[35, "R7", "T", -232.28, 208.66, 180],
		[36, "RN1", "B", -413.4, 39.37, 270],
		[37, "RN2", "T", 374.02, 413.39, 270],
		[38, "SW1", "T", 708.66, -137.8, 255],
		[39, "U1", "T", -570.87, -334.65, 90],
		[40, "U2", "T", -275.59, 413.39, 270],
		[41, "U3", "T", 118.11, 377.95, 90],
		[42, "U4", "T", -118.11, 393.7, 180],
		[43, "U5", "B", -570.87, -433.07, 320],
		[44, "USB1", "T", -669.29, 0, 270]
	]
},
"pins": {
	"fields": ["PIN_NO", "PIN_NAME", "PIN_X", "PIN_Y", "LAYER", "PIN_TYPE", "NET_NAME", "NET_TYPE", "PAD_SHAPE", "PAD_SIZEX", "PAD_SIZEY", "HOLE_SIZE", "PAD_ANGLE"],
	"rows": [
		[1, "C1_1", -590.55, 314.96, "T", "SMD", "GND", "GND", "R", 55.51, 53.15, 0, 0],
		[2, "C1_2", -511.81, 314.96, "T", "SMD", "VUSB", "", "R", 55.51, 53.15, 0, 0],
		[3, "C2_1", -452.76, -307.13, "T", "SMD", "VBAT", "", "R", 47.2, 59.1, 0, 270],
		[4, "C2_2", -452.76, -401.53, "T", "SMD", "GND", "GND", "R", 47.2, 59.1, 0, 270],
		[5, "C3_1", -413.39, 440.95, "T", "SMD", "GND", "GND", "R", 31.5, 35.43, 0, 270],
		[6, "C3_2", -413.39, 385.83, "T", "SMD", "VIN", "", "R", 31.5, 35.43, 0, 270],
		[7, "C4_1", -208.66, 295.28, "T", "SMD", "GND", "GND", "R", 31.5, 35.43, 0, 180],
		[8, "C4_2", -263.78, 295.28, "T", "SMD", "VCC", "", "R", 31.5, 35.43, 0, 180],
		[9, "C5_1", 31.5, 208.66, "T", "SMD", "GND", "GND", "R", 31.5, 35.43, 0, 0],
		[10, "C5_2", 86.62, 208.66, "T", "SMD", "POW_CT", "", "R", 31.5, 35.43, 0, 0],
		[11, "C6_1", -78.74, 208.66, "T", "SMD", "$1N22808", "", "R", 31.5, 35.43, 0, 180],
		[12, "C6_2", -133.86, 208.66, "T", "SMD", "GND", "GND", "R", 31.5, 35.43, 0, 180],
		[13, "C7_1", 452.76, -125.99, "T", "SMD", "VCC", "", "R", 31.5, 35.43, 0, 90],
		[14, "C7_2", 452.76, -70.87, "T", "SMD", "GND", "GND", "R", 31.5, 35.43, 0, 90],
		[15, "D1_1", -350.39, -196.85, "T", "SMD", "$1N17906", "", "R", 35.43, 27.56, 0, 180],
		[16, "D1_2", -452.75, -196.85, "T", "SMD", "G", "", "R", 35.43, 27.56, 0, 180],
		[17, "D2_1", 669.29, 7.88, "T", "SMD", "$1N17906", "", "R", 35.43, 27.56, 0, 90],
		[18, "D2_2", 669.29, 110.24, "T", "SMD", "KEY", "", "R", 35.43, 27.56, 0, 90],
		[19, "H1_1", -354.33, -311.02, "T", "SMD", "VBAT", "", "R", 47.24, 66.93, 0, 270],
		[20, "H1_2", -354.33, -397.64, "T", "SMD", "GND", "GND", "O", 47.24, 66.93, 0, 270],
		[21, "H2_1", 570.87, 200, "T", "SMD", "BOOT", "", "C", 50, 50, 0, 270],
		[22, "H2_2", 570.87, 116.85, "T", "SMD", "NRST", "", "C", 50, 50, 0, 270],
		[23, "H2_3", 570.87, 37.64, "T", "SMD", "UART1-TX", "", "C", 50, 50, 0, 270],
		[24, "H2_4", 570.87, -41.57, "T", "SMD", "UART1-RX", "", "C", 50, 50, 0, 270],
		[25, "H2_5", 570.87, -120.79, "T", "SMD", "VCC", "", "C", 50, 50, 0, 270],
		[26, "H2_6", 570.87, -200, "T", "SMD", "GND", "GND", "C", 50, 50, 0, 270],
		[27, "H3_1", 366.14, -118.11, "T", "SMD", "VCC", "", "R", 47.24, 59.06, 0, 90],
		[28, "H3_2", 366.14, -39.37, "T", "SMD", "GND", "GND", "O", 47.24, 59.06, 0, 90],
		[29, "H3_3", 366.14, 39.37, "T", "SMD", "IIC-SCL", "", "O", 47.24, 59.06, 0, 90],
		[30, "H3_4", 366.14, 118.11, "T", "SMD", "IIC-SDA", "", "O", 47.24, 59.06, 0, 90],
		[31, "LED1_1", -689.77, -362.32, "B", "SMD", "$1N2251", "", "R", 31.5, 31.5, 0, 35],
		[32, "LED1_2", -725.75, -310.6, "B", "SMD", "$1N10516", "", "R", 31.5, 31.5, 0, 35],
		[33, "LED2_1", -689.12, -361.86, "T", "SMD", "$1N2247", "", "R", 31.5, 31.5, 0, 215],
		[34, "LED2_2", -725.42, -310.37, "T", "SMD", "$1N10516", "", "R", 31.5, 31.5, 0, 215],
		[35, "LED3_1", -731.49, 303.04, "T", "SMD", "LED_L1", "", "R", 31.5, 31.5, 0, 145],
		[36, "LED3_2", -695.51, 354.76, "T", "SMD", "LED_R1", "", "R", 31.5, 31.5, 0, 145],
		[37, "LED4_1", -657.26, 401.23, "T", "SMD", "LED_L1", "", "R", 31.5, 31.5, 0, 135],
		[38, "LED4_2", -612.86, 445.92, "T", "SMD", "LED_R2", "", "R", 31.5, 31.5, 0, 135],
		[39, "LED5_1", -566.58, 484.39, "T", "SMD", "LED_L1", "", "R", 31.5, 31.5, 0, 125],
		[40, "LED5_2", -515.09, 520.69, "T", "SMD", "LED_R3", "", "R", 31.5, 31.5, 0, 125],
		[41, "LED6_1", -460.48, 551.16, "T", "SMD", "LED_L1", "", "R", 31.5, 31.5, 0, 110],
		[42, "LED6_2", -401.34, 572.89, "T", "SMD", "LED_R4", "", "R", 31.5, 31.5, 0, 110],
		[43, "LED7_1", -343.95, 588.28, "T", "SMD", "LED_L2", "", "R", 31.5, 31.5, 0, 100],
		[44, "LED7_2", -281.94, 599.41, "T", "SMD", "LED_R1", "", "R", 31.5, 31.5, 0, 100],
		[45, "LED8_1", -222.48, 605.9, "T", "SMD", "LED_L2", "", "R", 31.5, 31.5, 0, 90],
		[46, "LED8_2", -159.48, 606.1, "T", "SMD", "LED_R2", "", "R", 31.5, 31.5, 0, 90],
		[47, "LED9_1", -100.43, 605.9, "T", "SMD", "LED_L2", "", "R", 31.5, 31.5, 0, 90],
		[48, "LED9_2", -37.43, 606.1, "T", "SMD", "LED_R3", "", "R", 31.5, 31.5, 0, 90],
		[49, "LED10_1", 21.62, 605.9, "T", "SMD", "LED_L2", "", "R", 31.5, 31.5, 0, 90],
		[50, "LED10_2", 84.62, 606.1, "T", "SMD", "LED_R4", "", "R", 31.5, 31.5, 0, 90],
		[51, "LED11_1", 144.76, 605.9, "T", "SMD", "LED_L3", "", "R", 31.5, 31.5, 0, 90],
		[52, "LED11_2", 207.76, 606.1, "T", "SMD", "LED_R1", "", "R", 31.5, 31.5, 0, 90],
		[53, "LED12_1", 270.09, 595.97, "T", "SMD", "LED_L3", "", "R", 31.5, 31.5, 0, 80],
		[54, "LED12_2", 332.17, 585.23, "T", "SMD", "LED_R2", "", "R", 31.5, 31.5, 0, 80],
		[55, "LED13_1", 390.73, 564.98, "T", "SMD", "LED_L3", "", "R", 31.5, 31.5, 0, 65],
		[56, "LED13_2", 447.91, 538.53, "T", "SMD", "LED_R3", "", "R", 31.5, 31.5, 0, 65],
		[57, "LED14_1", 499.89, 507.08, "T", "SMD", "LED_L3", "", "R", 31.5, 31.5, 0, 55],
		[58, "LED14_2", 551.61, 471.1, "T", "SMD", "LED_R4", "", "R", 31.5, 31.5, 0, 55],
		[59, "LED15_1", 594.14, 428.92, "T", "SMD", "LED_L4", "", "R", 31.5, 31.5, 0, 45],
		[60, "LED15_2", 638.83, 384.51, "T", "SMD", "LED_R1", "", "R", 31.5, 31.5, 0, 45],
		[61, "LED16_1", 671.88, 331.96, "T", "SMD", "LED_L4", "", "R", 31.5, 31.5, 0, 30],
		[62, "LED16_2", 703.55, 277.5, "T", "SMD", "LED_R2", "", "R", 31.5, 31.5, 0, 30],
		[63, "LED17_1", 728.32, 224.26, "T", "SMD", "LED_L4", "", "R", 31.5, 31.5, 0, 20],
		[64, "LED17_2", 750.06, 165.12, "T", "SMD", "LED_R3", "", "R", 31.5, 31.5, 0, 20],
		[65, "LED18_1", 764.4, 104.2, "T", "SMD", "LED_L4", "", "R", 31.5, 31.5, 0, 5],
		[66, "LED18_2", 770.09, 41.46, "T", "SMD", "LED_R4", "", "R", 31.5, 31.5, 0, 5],
		[67, "Q1_1", -423.23, 33.46, "T", "SMD", "G", "", "R", 39.37, 31.5, 0, 90],
		[68, "Q1_2", -348.42, 33.46, "T", "SMD", "VBAT", "", "R", 39.37, 31.5, 0, 90],
		[69, "Q1_3", -385.82, 124.02, "T", "SMD", "VIN", "", "R", 39.37, 31.5, 0, 90],
		[70, "Q2_1", -353.42, -33.46, "T", "SMD", "S8050", "", "R", 39.37, 31.5, 0, 270],
		[71, "Q2_2", -428.23, -33.46, "T", "SMD", "GND", "GND", "R", 39.37, 31.5, 0, 270],
		[72, "Q2_3", -390.83, -124.02, "T", "SMD", "G", "", "R", 39.37, 31.5, 0, 270],
		[73, "R2_1", -600.53, -433.07, "T", "SMD", "$1N10414", "", "R", 31.75, 34.02, 0, 0],
		[74, "R2_2", -541.21, -433.07, "T", "SMD", "GND", "GND", "R", 31.75, 34.02, 0, 0],
		[75, "R3_1", -383.73, -78.74, "B", "SMD", "$1N10516", "", "R", 31.75, 34.02, 0, 180],
		[76, "R3_2", -443.05, -78.74, "B", "SMD", "VUSB", "", "R", 31.75, 34.02, 0, 180],
		[77, "R7_1", -202.62, 208.66, "T", "SMD", "BOOT", "", "R", 31.75, 34.02, 0, 180],
		[78, "R7_2", -261.94, 208.66, "T", "SMD", "GND", "GND", "R", 31.75, 34.02, 0, 180],
		[79, "RN1_1", -377.96, 86.61, "B", "SMD", "VIN", "", "R", 25.59, 31.5, 0, 270],
		[80, "RN1_2", -377.96, 55.12, "B", "SMD", "GND", "GND", "R", 19.68, 31.5, 0, 270],
		[81, "RN1_3", -377.96, 23.62, "B", "SMD", "VBAT", "", "R", 19.68, 31.5, 0, 270],
		[82, "RN1_4", -377.96, -7.87, "B", "SMD", "S8050", "", "R", 25.59, 31.5, 0, 270],
		[83, "RN1_5", -448.83, -7.87, "B", "SMD", "POW_CT", "", "R", 25.59, 31.5, 0, 270],
		[84, "RN1_6", -448.83, 23.62, "B", "SMD", "G", "", "R", 19.68, 31.5, 0, 270],
		[85, "RN1_7", -448.83, 55.12, "B", "SMD", "BAT-ADC", "", "R", 19.68, 31.5, 0, 270],
		[86, "RN1_8", -448.83, 86.61, "B", "SMD", "BAT-ADC", "", "R", 25.59, 31.5, 0, 270],
		[87, "RN2_1", 338.58, 460.63, "T", "SMD", "$1N30711", "", "R", 25.59, 31.5, 0, 270],
		[88, "RN2_2", 338.58, 429.14, "T", "SMD", "$1N30704", "", "R", 19.68, 31.5, 0, 270],
		[89, "RN2_3", 338.58, 397.64, "T", "SMD", "$1N11150", "", "R", 19.68, 31.5, 0, 270],
		[90, "RN2_4", 338.58, 366.15, "T", "SMD", "$1N11358", "", "R", 25.59, 31.5, 0, 270],
		[91, "RN2_5", 409.45, 366.15, "T", "SMD", "LED_R1", "", "R", 25.59, 31.5, 0, 270],
		[92, "RN2_6", 409.45, 397.64, "T", "SMD", "LED_R4", "", "R", 19.68, 31.5, 0, 270],
		[93, "RN2_7", 409.45, 429.14, "T", "SMD", "LED_R3", "", "R", 19.68, 31.5, 0, 270],
		[94, "RN2_8", 409.45, 460.63, "T", "SMD", "LED_R2", "", "R", 25.59, 31.5, 0, 270],
		[95, "SW1_1", 761.57, -58.23, "T", "SMD", "SW1_1", "", "R", 35.43, 47.24, 0, 255],
		[96, "SW1_2", 714.7, -233.16, "T", "SMD", "SW1_2", "", "R", 35.43, 47.24, 0, 75],
		[97, "SW1_3", 696.26, -66.21, "T", "SMD", "$1N17906", "", "R", 47.24, 51.18, 0, 75],
		[98, "SW1_4", 662.12, -193.6, "T", "SMD", "GND", "GND", "R", 47.24, 51.18, 0, 75],
		[99, "U1_1", -525.63, -372.05, "T", "SMD", "$1N2251", "", "R", 20.95, 42.2, 0, 90],
		[100, "U1_2", -525.63, -334.65, "T", "SMD", "GND", "GND", "R", 20.95, 42.2, 0, 90],
		[101, "U1_3", -525.63, -297.25, "T", "SMD", "VBAT", "", "R", 20.95, 42.2, 0, 90],
		[102, "U1_4", -616.11, -297.25, "T", "SMD", "VUSB", "", "R", 20.95, 42.2, 0, 90],
		[103, "U1_5", -616.11, -334.65, "T", "SMD", "$1N2247", "", "R", 20.95, 42.2, 0, 90],
		[104, "U1_6", -616.11, -372.05, "T", "SMD", "$1N10414", "", "R", 20.95, 42.2, 0, 90],
		[105, "U2_1", -326.77, 450.4, "T", "SMD", "VIN", "", "R", 43.31, 23.62, 0, 0],
		[106, "U2_2", -326.77, 413.39, "T", "SMD", "GND", "GND", "R", 43.31, 23.62, 0, 0],
		[107, "U2_3", -326.77, 376.38, "T", "SMD", "VIN", "", "R", 43.31, 23.62, 0, 0],
		[108, "U2_4", -224.4, 376.38, "T", "SMD", "U2_4", "", "R", 43.31, 23.62, 0, 0],
		[109, "U2_5", -224.4, 450.4, "T", "SMD", "VCC", "", "R", 43.31, 23.62, 0, 0],
		[110, "U3_1", 231.14, 262.79, "T", "SMD", "GND", "GND", "O", 14.33, 68.58, 0, 90],
		[111, "U3_2", 231.14, 288.38, "T", "SMD", "$1N11358", "", "O", 14.33, 68.58, 0, 90],
		[112, "U3_3", 231.14, 313.97, "T", "SMD", "$1N11150", "", "O", 14.33, 68.58, 0, 90],
		[113, "U3_4", 231.14, 339.56, "T", "SMD", "KEY", "", "O", 14.33, 68.58, 0, 90],
		[114, "U3_5", 231.14, 365.16, "T", "SMD", "BOOT", "", "O", 14.33, 68.58, 0, 90],
		[115, "U3_6", 231.14, 390.75, "T", "SMD", "$1N30704", "", "O", 14.33, 68.58, 0, 90],
		[116, "U3_7", 231.14, 416.34, "T", "SMD", "$1N30711", "", "O", 14.33, 68.58, 0, 90],
		[117, "U3_8", 231.14, 441.93, "T", "SMD", "IIC-SDA", "", "O", 14.33, 68.58, 0, 90],
		[118, "U3_9", 231.14, 467.52, "T", "SMD", "IIC-SCL", "", "O", 14.33, 68.58, 0, 90],
		[119, "U3_10", 231.14, 493.11, "T", "SMD", "NRST", "", "O", 14.33, 68.58, 0, 90],
		[120, "U3_11", 5.08, 493.11, "T", "SMD", "LED_L1", "", "O", 14.33, 68.58, 0, 90],
		[121, "U3_12", 5.08, 467.52, "T", "SMD", "LED_L2", "", "O", 14.33, 68.58, 0, 90],
		[122, "U3_13", 5.08, 441.93, "T", "SMD", "UART1-TX", "", "O", 14.33, 68.58, 0, 90],
		[123, "U3_14", 5.08, 416.34, "T", "SMD", "UART1-RX", "", "O", 14.33, 68.58, 0, 90],
		[124, "U3_15", 5.08, 390.75, "T", "SMD", "LED_L3", "", "O", 14.33, 68.58, 0, 90],
		[125, "U3_16", 5.08, 365.16, "T", "SMD", "LED_L4", "", "O", 14.33, 68.58, 0, 90],
		[126, "U3_17", 5.08, 339.56, "T", "SMD", "HALL", "", "O", 14.33, 68.58, 0, 90],
		[127, "U3_18", 5.08, 313.97, "T", "SMD", "POW_CT", "", "O", 14.33, 68.58, 0, 90],
		[128, "U3_19", 5.08, 288.38, "T", "SMD", "BAT-ADC", "", "O", 14.33, 68.58, 0, 90],
		[129, "U3_20", 5.08, 262.79, "T", "SMD", "VCC", "", "O", 14.33, 68.58, 0, 90],
		[130, "U4_1", -78.74, 476.77, "T", "SMD", "D+", "", "O", 11.02, 63.78, 0, 180],
		[131, "U4_2", -98.43, 476.77, "T", "SMD", "D-", "", "O", 11.02, 63.78, 0, 180],
		[132, "U4_3", -118.11, 476.77, "T", "SMD", "GND", "GND", "O", 11.02, 63.78, 0, 180],
		[133, "U4_4", -137.8, 476.77, "T", "SMD", "NRST", "", "O", 11.02, 63.78, 0, 180],
		[134, "U4_5", -157.48, 476.77, "T", "SMD", "U4_5", "", "O", 11.02, 63.78, 0, 180],
		[135, "U4_6", -157.48, 310.63, "T", "SMD", "BOOT", "", "O", 11.02, 63.78, 0, 180],
		[136, "U4_7", -137.8, 310.63, "T", "SMD", "VUSB", "", "O", 11.02, 63.78, 0, 180],
		[137, "U4_8", -118.11, 310.63, "T", "SMD", "UART1-RX", "", "O", 11.02, 63.78, 0, 180],
		[138, "U4_9", -98.43, 310.63, "T", "SMD", "UART1-TX", "", "O", 11.02, 63.78, 0, 180],
		[139, "U4_10", -78.74, 310.63, "T", "SMD", "$1N22808", "", "O", 11.02, 63.78, 0, 180],
		[140, "U5_1", -516.67, -429.73, "B", "SMD", "VCC", "", "R", 49.21, 27.56, 0, 320],
		[141, "U5_2", -564.75, -487.03, "B", "SMD", "HALL", "", "R", 49.21, 27.56, 0, 320],
		[142, "U5_3", -601.03, -407.76, "B", "SMD", "GND", "GND", "R", 49.21, 27.56, 0, 320],
		[143, "USB1_25", -613.19, -221.26, "T", "DIP", "GND", "GND", "O", 39.37, 66.93, 51.18, 270],
		[144, "USB1_25", -613.19, -221.26, "B", "DIP", "GND", "GND", "O", 39.37, 66.93, 51.18, 270],
		[145, "USB1_26", -770.67, -221.26, "T", "DIP", "GND", "GND", "O", 39.37, 82.68, 66.93, 270],
		[146, "USB1_26", -770.67, -221.26, "B", "DIP", "GND", "GND", "O", 39.37, 82.68, 66.93, 270],
		[147, "USB1_27", -770.67, 221.26, "T", "DIP", "GND", "GND", "O", 39.37, 82.68, 66.93, 270],
		[148, "USB1_27", -770.67, 221.26, "B", "DIP", "GND", "GND", "O", 39.37, 82.68, 66.93, 270],
		[149, "USB1_28", -613.19, 221.26, "T", "DIP", "GND", "GND", "O", 39.37, 66.93, 51.18, 270],
		[150, "USB1_28", -613.19, 221.26, "B", "DIP", "GND", "GND", "O", 39.37, 66.93, 51.18, 270],
		[151, "USB1_A1", -567.91, 125.98, "T", "SMD", "GND", "GND", "R", 23.62, 43.31, 0, 270],
		[152, "USB1_A4", -567.91, 94.49, "T", "SMD", "VUSB", "", "R", 23.62, 43.31, 0, 270],
		[153, "USB1_A5", -567.91, 49.21, "T", "SMD", "USB1_A5", "", "R", 11.81, 43.31, 0, 270],
		[154, "USB1_A6", -567.91, 9.84, "T", "SMD", "D+", "", "R", 11.81, 43.31, 0, 270],
		[155, "USB1_A7", -567.91, -9.84, "T", "SMD", "D-", "", "R", 11.81, 43.31, 0, 270],
		[156, "USB1_A8", -567.91, -49.21, "T", "SMD", "USB1_A8", "", "R", 11.81, 43.31, 0, 270],
		[157, "USB1_B1", -567.91, -125.98, "T", "SMD", "GND", "GND", "R", 23.62, 43.31, 0, 270],
		[158, "USB1_B4", -567.91, -94.49, "T", "SMD", "VUSB", "", "R", 23.62, 43.31, 0, 270],
		[159, "USB1_B5", -567.91, -68.9, "T", "SMD", "USB1_B5", "", "R", 11.81, 43.31, 0, 270],
		[160, "USB1_B6", -567.91, -29.53, "T", "SMD", "D+", "", "R", 11.81, 43.31, 0, 270],
		[161, "USB1_B7", -567.91, 29.53, "T", "SMD", "D-", "", "R", 11.81, 43.31, 0, 270],
		[162, "USB1_B8", -567.91, 68.9, "T", "SMD", "USB1_B8", "", "R", 11.81, 43.31, 0, 270]
	]
}
}