{
"lengthUnit": "mil",
"components": {
	"fields": ["COMPONENT_NO", "COMPONENT_NAME", "LAYER", "X_COORDINATE", "Y_COORDINATE", "ANGLE"],
	"rows": [
		[1, "C1", "T", -545.08, 307.09, 0],
		[2, "C2", "T", -460.63, -366.38, 270],
		[3, "C3", "T", -255.91, 314.96, 90],
		[4, "C4", "T", -177.17, 314.96, 90],
		[5, "C5", "T", 577.2, -235.42, 0],
		[6, "D1", "T", -377.95, -220.47, 180],
		[7, "D2", "T", 693.22, 66.3, 90],
		[8, "H1", "T", -346.99, -374.96, 270],
		[9, "H2", "B", 0, 374.02, 180],
		[10, "H3", "T", 574.8, 0.01, 90],
		[11, "LED1", "T", -717.6, -315.9, 120],
		[12, "LED2", "B", -717.6, -315.9, 120],
		[13, "LED3", "T", -712.6, 330.71, 55],
		[14, "LED4", "T", -633.86, 425.2, 45],
		[15, "LED5", "T", -539.37, 503.94, 35],
		[16, "LED6", "T", -429.13, 562.99, 20],
		[17, "LED7", "T", -311.02, 594.49, 10],
		[18, "LED8", "T", -188.98, 606.3, 0],
		[19, "LED9", "T", -66.93, 606.3, 0],
		[20, "LED10", "T", 55.12, 606.3, 0],
		[21, "LED11", "T", 178.26, 606.3, 0],
		[22, "LED12", "T", 303.15, 590.55, 350],
		[23, "LED13", "T", 421.26, 551.18, 335],
		[24, "LED14", "T", 527.56, 488.19, 325],
		[25, "LED15", "T", 618.11, 405.51, 315],
		[26, "LED16", "T", 688.98, 303.15, 300],
		[27, "LED17", "T", 740.16, 192.91, 290],
		[28, "LED18", "T", 767.72, 70.87, 275],
		[29, "Q1", "T", -381.89, 59.06, 270],
		[30, "Q2", "T", -377.95, -110.24, 90],
		[31, "R2", "T", -615.24, -284.7, 0],
		[32, "R3", "B", -413.39, -78.74, 180],
		[33, "R7", "T", -429, 378.3, 135],
		[34, "RN1", "B", -413.4, 39.37, 270],
		[35, "RN2", "T", 338.58, 425.2, 270],
		[36, "SW2", "T", 709.8, -132.6, 255],
		[37, "U1", "T", -573.3, -390, 0],
		[38, "U2", "T", -212.6, 440.95, 270],
		[39, "U3", "T", 78.74, 374.02, 90],
		[40, "U4", "B", -570.87, -433.07, 320],
		[41, "USB2", "T", -649.61, 0, 270],
		[42, "PAD1", "T", -530.4, -175.5, 0]
	]
},
"pins": {
	"fields": ["PIN_NO", "PIN_NAME", "PIN_X", "PIN_Y", "LAYER", "PIN_TYPE", "NET_NAME", "NET_TYPE", "PAD_SHAPE", "PAD_SIZEX", "PAD_SIZEY", "HOLE_SIZE", "PAD_ANGLE"],
	"rows": [
		[1, "C1_1", -584.45, 307.09, "T", "SMD", "GND", "GND", "R", 55.51, 53.15, 0, 0],
		[2, "C1_2", -505.71, 307.09, "T", "SMD", "VUSB", "", "R", 55.51, 53.15, 0, 0],
		[3, "C2_1", -460.63, -319.18, "T", "SMD", "VBAT", "", "R", 47.2, 59.1, 0, 270],
		[4, "C2_2", -460.63, -413.58, "T", "SMD", "GND", "GND", "R", 47.2, 59.1, 0, 270],
		[5, "C3_1", -255.91, 287.4, "T", "SMD", "GND", "GND", "R", 31.5, 35.43, 0, 90],
		[6, "C3_2", -255.91, 342.52, "T", "SMD", "VIN", "", "R", 31.5, 35.43, 0, 90],
		[7, "C4_1", -177.17, 287.4, "T", "SMD", "GND", "GND", "R", 31.5, 35.43, 0, 90],
		[8, "C4_2", -177.17, 342.52, "T", "SMD", "VCC", "", "R", 31.5, 35.43, 0, 90],
		[9, "C5_1", 549.64, -235.42, "T", "SMD", "VCC", "", "R", 31.5, 35.43, 0, 0],
		[10, "C5_2", 604.76, -235.42, "T", "SMD", "GND", "GND", "R", 31.5, 35.43, 0, 0],
		[11, "D1_1", -326.77, -220.47, "T", "SMD", "$1N17906", "", "R", 35.43, 27.56, 0, 180],
		[12, "D1_2", -429.13, -220.47, "T", "SMD", "G", "", "R", 35.43, 27.56, 0, 180],
		[13, "D2_1", 693.22, 15.12, "T", "SMD", "$1N17906", "", "R", 35.43, 27.56, 0, 90],
		[14, "D2_2", 693.22, 117.48, "T", "SMD", "KEY", "", "R", 35.43, 27.56, 0, 90],
		[15, "H1_1", -346.99, -335.59, "T", "SMD", "VBAT", "", "R", 47.24, 66.93, 0, 270],
		[16, "H1_2", -346.99, -414.33, "T", "SMD", "GND", "GND", "O", 47.24, 66.93, 0, 270],
		[17, "H2_1", 196.85, 374.02, "B", "SMD", "BOOT", "", "O", 39.37, 62.99, 0, 180],
		[18, "H2_2", 118.11, 374.02, "B", "SMD", "NRST", "", "O", 39.37, 62.99, 0, 180],
		[19, "H2_3", 39.37, 374.02, "B", "SMD", "UART2-TX", "", "O", 39.37, 62.99, 0, 180],
		[20, "H2_4", -39.37, 374.02, "B", "SMD", "UART2-RX", "", "O", 39.37, 62.99, 0, 180],
		[21, "H2_5", -118.11, 374.02, "B", "SMD", "VCC", "", "O", 39.37, 62.99, 0, 180],
		[22, "H2_6", -196.85, 374.02, "B", "SMD", "GND", "GND", "O", 39.37, 62.99, 0, 180],
		[23, "H3_1", 574.8, -149.99, "T", "SMD", "VCC", "", "O", 59.06, 78.74, 0, 90],
		[24, "H3_2", 574.8, -49.99, "T", "SMD", "GND", "GND", "O", 59.06, 78.74, 0, 90],
		[25, "H3_3", 574.8, 50.01, "T", "SMD", "UART1-TX", "", "O", 59.06, 78.74, 0, 90],
		[26, "H3_4", 574.8, 150.01, "T", "SMD", "UART1-RX", "", "O", 59.06, 78.74, 0, 90],
		[27, "LED1_1", -700.5, -344.71, "T", "SMD", "$1N2251", "", "R", 31.5, 31.5, 0, 210],
		[28, "LED1_2", -732.18, -290.25, "T", "SMD", "$1N10516", "", "R", 31.5, 31.5, 0, 210],
		[29, "LED2_1", -701.2, -345.11, "B", "SMD", "$1N2247", "", "R", 31.5, 31.5, 0, 30],
		[30, "LED2_2", -732.52, -290.45, "B", "SMD", "$1N10516", "", "R", 31.5, 31.5, 0, 30],
		[31, "LED3_1", -731.49, 303.04, "T", "SMD", "LED_L1", "", "R", 31.5, 31.5, 0, 145],
		[32, "LED3_2", -695.51, 354.76, "T", "SMD", "LED_R1", "", "R", 31.5, 31.5, 0, 145],
		[33, "LED4_1", -657.26, 401.23, "T", "SMD", "LED_L1", "", "R", 31.5, 31.5, 0, 135],
		[34, "LED4_2", -612.86, 445.92, "T", "SMD", "LED_R2", "", "R", 31.5, 31.5, 0, 135],
		[35, "LED5_1", -566.58, 484.39, "T", "SMD", "LED_L1", "", "R", 31.5, 31.5, 0, 125],
		[36, "LED5_2", -515.09, 520.69, "T", "SMD", "LED_R3", "", "R", 31.5, 31.5, 0, 125],
		[37, "LED6_1", -460.48, 551.16, "T", "SMD", "LED_L1", "", "R", 31.5, 31.5, 0, 110],
		[38, "LED6_2", -401.34, 572.89, "T", "SMD", "LED_R4", "", "R", 31.5, 31.5, 0, 110],
		[39, "LED7_1", -343.95, 588.28, "T", "SMD", "LED_L2", "", "R", 31.5, 31.5, 0, 100],
		[40, "LED7_2", -281.94, 599.41, "T", "SMD", "LED_R1", "", "R", 31.5, 31.5, 0, 100],
		[41, "LED8_1", -222.48, 605.9, "T", "SMD", "LED_L2", "", "R", 31.5, 31.5, 0, 90],
		[42, "LED8_2", -159.48, 606.1, "T", "SMD", "LED_R2", "", "R", 31.5, 31.5, 0, 90],
		[43, "LED9_1", -100.43, 605.9, "T", "SMD", "LED_L2", "", "R", 31.5, 31.5, 0, 90],
		[44, "LED9_2", -37.43, 606.1, "T", "SMD", "LED_R3", "", "R", 31.5, 31.5, 0, 90],
		[45, "LED10_1", 21.62, 605.9, "T", "SMD", "LED_L2", "", "R", 31.5, 31.5, 0, 90],
		[46, "LED10_2", 84.62, 606.1, "T", "SMD", "LED_R4", "", "R", 31.5, 31.5, 0, 90],
		[47, "LED11_1", 144.76, 605.9, "T", "SMD", "LED_L3", "", "R", 31.5, 31.5, 0, 90],
		[48, "LED11_2", 207.76, 606.1, "T", "SMD", "LED_R1", "", "R", 31.5, 31.5, 0, 90],
		[49, "LED12_1", 270.09, 595.97, "T", "SMD", "LED_L3", "", "R", 31.5, 31.5, 0, 80],
		[50, "LED12_2", 332.17, 585.23, "T", "SMD", "LED_R2", "", "R", 31.5, 31.5, 0, 80],
		[51, "LED13_1", 390.73, 564.98, "T", "SMD", "LED_L3", "", "R", 31.5, 31.5, 0, 65],
		[52, "LED13_2", 447.91, 538.53, "T", "SMD", "LED_R3", "", "R", 31.5, 31.5, 0, 65],
		[53, "LED14_1", 499.89, 507.08, "T", "SMD", "LED_L3", "", "R", 31.5, 31.5, 0, 55],
		[54, "LED14_2", 551.61, 471.1, "T", "SMD", "LED_R4", "", "R", 31.5, 31.5, 0, 55],
		[55, "LED15_1", 594.14, 428.92, "T", "SMD", "LED_L4", "", "R", 31.5, 31.5, 0, 45],
		[56, "LED15_2", 638.83, 384.51, "T", "SMD", "LED_R1", "", "R", 31.5, 31.5, 0, 45],
		[57, "LED16_1", 671.88, 331.96, "T", "SMD", "LED_L4", "", "R", 31.5, 31.5, 0, 30],
		[58, "LED16_2", 703.55, 277.5, "T", "SMD", "LED_R2", "", "R", 31.5, 31.5, 0, 30],
		[59, "LED17_1", 728.32, 224.26, "T", "SMD", "LED_L4", "", "R", 31.5, 31.5, 0, 20],
		[60, "LED17_2", 750.06, 165.12, "T", "SMD", "LED_R3", "", "R", 31.5, 31.5, 0, 20],
		[61, "LED18_1", 764.4, 104.2, "T", "SMD", "LED_L4", "", "R", 31.5, 31.5, 0, 5],
		[62, "LED18_2", 770.09, 41.46, "T", "SMD", "LED_R4", "", "R", 31.5, 31.5, 0, 5],
		[63, "Q1_1", -419.29, 13.78, "T", "SMD", "G", "", "R", 39.37, 31.5, 0, 90],
		[64, "Q1_2", -344.49, 13.78, "T", "SMD", "VBAT", "", "R", 39.37, 31.5, 0, 90],
		[65, "Q1_3", -381.89, 104.33, "T", "SMD", "VIN", "", "R", 39.37, 31.5, 0, 90],
		[66, "Q2_1", -345.55, -64.96, "T", "SMD", "S8050", "", "R", 39.37, 31.5, 0, 270],
		[67, "Q2_2", -420.35, -64.96, "T", "SMD", "GND", "GND", "R", 39.37, 31.5, 0, 270],
		[68, "Q2_3", -382.95, -155.51, "T", "SMD", "G", "", "R", 39.37, 31.5, 0, 270],
		[69, "R2_1", -644.9, -284.7, "T", "SMD", "$1N10414", "", "R", 31.75, 34.02, 0, 0],
		[70, "R2_2", -585.58, -284.7, "T", "SMD", "GND", "GND", "R", 31.75, 34.02, 0, 0],
		[71, "R3_1", -383.73, -78.74, "B", "SMD", "VUSB", "", "R", 31.75, 34.02, 0, 180],
		[72, "R3_2", -443.05, -78.74, "B", "SMD", "$1N10516", "", "R", 31.75, 34.02, 0, 180],
		[73, "R7_1", -401.16, 350.46, "T", "SMD", "GND", "GND", "R", 44.59, 54.21, 0, 135],
		[74, "R7_2", -456.84, 406.14, "T", "SMD", "GND", "GND", "R", 44.59, 54.21, 0, 135],
		[75, "RN1_1", -377.96, 86.61, "B", "SMD", "VIN", "", "R", 25.59, 31.5, 0, 270],
		[76, "RN1_2", -377.96, 55.12, "B", "SMD", "GND", "GND", "R", 19.68, 31.5, 0, 270],
		[77, "RN1_3", -377.96, 23.62, "B", "SMD", "VBAT", "", "R", 19.68, 31.5, 0, 270],
		[78, "RN1_4", -377.96, -7.87, "B", "SMD", "S8050", "", "R", 25.59, 31.5, 0, 270],
		[79, "RN1_5", -448.83, -7.87, "B", "SMD", "POW_CT", "", "R", 25.59, 31.5, 0, 270],
		[80, "RN1_6", -448.83, 23.62, "B", "SMD", "G", "", "R", 19.68, 31.5, 0, 270],
		[81, "RN1_7", -448.83, 55.12, "B", "SMD", "BAT-ADC", "", "R", 19.68, 31.5, 0, 270],
		[82, "RN1_8", -448.83, 86.61, "B", "SMD", "BAT-ADC", "", "R", 25.59, 31.5, 0, 270],
		[83, "RN2_1", 303.15, 472.44, "T", "SMD", "$1N3189", "", "R", 25.59, 31.5, 0, 270],
		[84, "RN2_2", 303.15, 440.95, "T", "SMD", "$1N3186", "", "R", 19.68, 31.5, 0, 270],
		[85, "RN2_3", 303.15, 409.45, "T", "SMD", "$1N9559", "", "R", 19.68, 31.5, 0, 270],
		[86, "RN2_4", 303.15, 377.96, "T", "SMD", "$1N11141", "", "R", 25.59, 31.5, 0, 270],
		[87, "RN2_5", 374.02, 377.96, "T", "SMD", "LED_R4", "", "R", 25.59, 31.5, 0, 270],
		[88, "RN2_6", 374.02, 409.45, "T", "SMD", "LED_R3", "", "R", 19.68, 31.5, 0, 270],
		[89, "RN2_7", 374.02, 440.95, "T", "SMD", "LED_R1", "", "R", 19.68, 31.5, 0, 270],
		[90, "RN2_8", 374.02, 472.44, "T", "SMD", "LED_R2", "", "R", 25.59, 31.5, 0, 270],
		[91, "SW2_1", 762.71, -53.03, "T", "SMD", "SW2_1", "", "R", 35.43, 47.24, 0, 255],
		[92, "SW2_2", 715.83, -227.96, "T", "SMD", "SW2_2", "", "R", 35.43, 47.24, 0, 75],
		[93, "SW2_3", 697.4, -61.01, "T", "SMD", "$1N17906", "", "R", 47.24, 51.18, 0, 75],
		[94, "SW2_4", 663.26, -188.41, "T", "SMD", "GND", "GND", "R", 47.24, 51.18, 0, 75],
		[95, "U1_1", -610.7, -435.24, "T", "SMD", "$1N2251", "", "R", 20.95, 42.2, 0, 0],
		[96, "U1_2", -573.3, -435.24, "T", "SMD", "GND", "GND", "R", 20.95, 42.2, 0, 0],
		[97, "U1_3", -535.9, -435.24, "T", "SMD", "VBAT", "", "R", 20.95, 42.2, 0, 0],
		[98, "U1_4", -535.9, -344.76, "T", "SMD", "VUSB", "", "R", 20.95, 42.2, 0, 0],
		[99, "U1_5", -573.3, -344.76, "T", "SMD", "$1N2247", "", "R", 20.95, 42.2, 0, 0],
		[100, "U1_6", -610.7, -344.76, "T", "SMD", "$1N10414", "", "R", 20.95, 42.2, 0, 0],
		[101, "U2_1", -263.78, 477.96, "T", "SMD", "VIN", "", "R", 43.31, 23.62, 0, 0],
		[102, "U2_2", -263.78, 440.95, "T", "SMD", "GND", "GND", "R", 43.31, 23.62, 0, 0],
		[103, "U2_3", -263.78, 403.94, "T", "SMD", "VIN", "", "R", 43.31, 23.62, 0, 0],
		[104, "U2_4", -161.41, 403.94, "T", "SMD", "U2_4", "", "R", 43.31, 23.62, 0, 0],
		[105, "U2_5", -161.41, 477.96, "T", "SMD", "VCC", "", "R", 43.31, 23.62, 0, 0],
		[106, "U3_1", 191.77, 258.86, "T", "SMD", "GND", "GND", "O", 14.33, 68.58, 0, 90],
		[107, "U3_2", 191.77, 284.45, "T", "SMD", "UART1-RX", "", "O", 14.33, 68.58, 0, 90],
		[108, "U3_3", 191.77, 310.04, "T", "SMD", "UART1-TX", "", "O", 14.33, 68.58, 0, 90],
		[109, "U3_4", 191.77, 335.63, "T", "SMD", "KEY", "", "O", 14.33, 68.58, 0, 90],
		[110, "U3_5", 191.77, 361.23, "T", "SMD", "BOOT", "", "O", 14.33, 68.58, 0, 90],
		[111, "U3_6", 191.77, 386.82, "T", "SMD", "$1N11141", "", "O", 14.33, 68.58, 0, 90],
		[112, "U3_7", 191.77, 412.41, "T", "SMD", "$1N9559", "", "O", 14.33, 68.58, 0, 90],
		[113, "U3_8", 191.77, 438, "T", "SMD", "$1N3186", "", "O", 14.33, 68.58, 0, 90],
		[114, "U3_9", 191.77, 463.59, "T", "SMD", "$1N3189", "", "O", 14.33, 68.58, 0, 90],
		[115, "U3_10", 191.77, 489.18, "T", "SMD", "NRST", "", "O", 14.33, 68.58, 0, 90],
		[116, "U3_11", -34.29, 489.18, "T", "SMD", "LED_L3", "", "O", 14.33, 68.58, 0, 90],
		[117, "U3_12", -34.29, 463.59, "T", "SMD", "LED_L2", "", "O", 14.33, 68.58, 0, 90],
		[118, "U3_13", -34.29, 438, "T", "SMD", "UART2-TX", "", "O", 14.33, 68.58, 0, 90],
		[119, "U3_14", -34.29, 412.41, "T", "SMD", "UART2-RX", "", "O", 14.33, 68.58, 0, 90],
		[120, "U3_15", -34.29, 386.82, "T", "SMD", "LED_L4", "", "O", 14.33, 68.58, 0, 90],
		[121, "U3_16", -34.29, 361.23, "T", "SMD", "LED_L1", "", "O", 14.33, 68.58, 0, 90],
		[122, "U3_17", -34.29, 335.63, "T", "SMD", "HALL", "", "O", 14.33, 68.58, 0, 90],
		[123, "U3_18", -34.29, 310.04, "T", "SMD", "POW_CT", "", "O", 14.33, 68.58, 0, 90],
		[124, "U3_19", -34.29, 284.45, "T", "SMD", "BAT-ADC", "", "O", 14.33, 68.58, 0, 90],
		[125, "U3_20", -34.29, 258.86, "T", "SMD", "VCC", "", "O", 14.33, 68.58, 0, 90],
		[126, "U4_1", -516.67, -429.73, "B", "SMD", "VCC", "", "R", 49.21, 27.56, 0, 320],
		[127, "U4_2", -564.75, -487.03, "B", "SMD", "HALL", "", "R", 49.21, 27.56, 0, 320],
		[128, "U4_3", -601.03, -407.76, "B", "SMD", "GND", "GND", "R", 49.21, 27.56, 0, 320],
		[129, "USB2_1", -602.36, -219.49, "T", "DIP", "GND", "GND", "O", 39.37, 66.93, 47.24, 270],
		[130, "USB2_1", -602.36, -219.49, "B", "DIP", "GND", "GND", "O", 39.37, 66.93, 47.24, 270],
		[131, "USB2_2", -602.36, 219.49, "T", "DIP", "GND", "GND", "O", 39.37, 66.93, 47.24, 270],
		[132, "USB2_2", -602.36, 219.49, "B", "DIP", "GND", "GND", "O", 39.37, 66.93, 47.24, 270],
		[133, "USB2_3", -744.09, 219.49, "T", "DIP", "GND", "GND", "O", 39.37, 78.74, 59.05, 270],
		[134, "USB2_3", -744.09, 219.49, "B", "DIP", "GND", "GND", "O", 39.37, 78.74, 59.05, 270],
		[135, "USB2_4", -744.09, -219.49, "T", "DIP", "GND", "GND", "O", 39.37, 78.74, 59.05, 270],
		[136, "USB2_4", -744.09, -219.49, "B", "DIP", "GND", "GND", "O", 39.37, 78.74, 59.05, 270],
		[137, "USB2_A12", -555.11, -108.27, "T", "SMD", "GND", "GND", "R", 35.43, 59.05, 0, 270],
		[138, "USB2_A5", -555.11, 19.68, "T", "SMD", "USB2_A5", "", "R", 27.56, 59.05, 0, 270],
		[139, "USB2_A9", -555.11, -59.84, "T", "SMD", "VUSB", "", "R", 31.5, 59.05, 0, 270],
		[140, "USB2_B12", -555.11, 108.27, "T", "SMD", "GND", "GND", "R", 35.43, 59.05, 0, 270],
		[141, "USB2_B5", -555.11, -19.69, "T", "SMD", "USB2_B5", "", "R", 27.56, 59.05, 0, 270],
		[142, "USB2_B9", -555.11, 59.84, "T", "SMD", "VUSB", "", "R", 31.5, 59.05, 0, 270],
		[143, "PAD1_1", -530.4, -175.5, "T", "SMD", "GND", "GND", "O", 50, 35, 0, 0]
	]
}
}